file_path,status,size
results/final_evidence_completion/grain_multiseed_feature_removal.md,ok,226
results/final_evidence_completion/official_event_boundary_audit.md,ok,244
results/final_evidence_completion/grain_full_retraining_ablation.md,ok,386
results/final_evidence_completion/chunked_negative_ensemble.md,ok,367
results/final_evidence_completion/external_full_corrected_benchmark.md,ok,234
results/final_evidence_completion/formal_validation_low_fpr.md,ok,306
results/final_evidence_completion/v15_dataset_alignment.md,ok,262
results/final_evidence_completion/external_dependency_audit.md,ok,635
results/final_evidence_completion/remaining_experiments_completion_report.md,ok,361
results/final_evidence_completion/author_code_confusion_matrix_search.md,ok,653
results/final_evidence_completion/final_evidence_completion_report.md,ok,812
results/final_evidence_completion/figures/chunked_negative_ensemble.svg,ok,79464
results/final_evidence_completion/figures/formal_validation_low_fpr.svg,ok,79933
results/final_evidence_completion/figures/grain_multiseed_feature_removal.svg,ok,38982
results/final_evidence_completion/figures/external_full_corrected_benchmark.svg,ok,47104
results/final_evidence_completion/figures/grain_full_retraining_ablation.svg,ok,38189
results/final_evidence_completion/audits/output_integrity_audit.md,ok,122
results/final_evidence_completion/audits/output_integrity_audit.csv,ok,768
results/final_evidence_completion/tables/grain_full_retraining_ablation.tex,ok,2517
results/final_evidence_completion/tables/grain_multiseed_feature_removal.tex,ok,10300
results/final_evidence_completion/tables/v15_dataset_alignment.csv,ok,391
results/final_evidence_completion/tables/official_event_boundary_audit.tex,ok,2974
results/final_evidence_completion/tables/formal_validation_low_fpr.tex,ok,11787
results/final_evidence_completion/tables/grain_multiseed_feature_removal_summary.tex,ok,689
results/final_evidence_completion/tables/official_event_boundary_audit.csv,ok,2582
results/final_evidence_completion/tables/external_dependency_audit.csv,ok,869
results/final_evidence_completion/tables/formal_validation_low_fpr.csv,ok,12657
results/final_evidence_completion/tables/author_code_confusion_matrix_search.csv,ok,722
results/final_evidence_completion/tables/set01_file_fingerprint.tex,ok,12316
results/final_evidence_completion/tables/grain_full_retraining_ablation.csv,ok,2815
results/final_evidence_completion/tables/external_full_corrected_benchmark.csv,ok,4951
results/final_evidence_completion/tables/external_full_corrected_benchmark.tex,ok,5284
results/final_evidence_completion/tables/external_dependency_audit.tex,ok,1018
results/final_evidence_completion/tables/v15_dataset_alignment.tex,ok,570
results/final_evidence_completion/tables/grain_multiseed_feature_removal_summary.csv,ok,964
results/final_evidence_completion/tables/set01_file_fingerprint.csv,ok,10975
results/final_evidence_completion/tables/chunked_negative_ensemble.csv,ok,6527
results/final_evidence_completion/tables/grain_multiseed_feature_removal.csv,ok,11810
results/final_evidence_completion/tables/chunked_negative_ensemble.tex,ok,5811
results/final_evidence_completion/tables/author_code_confusion_matrix_search.tex,ok,845
