setting,model,score_available,aupr,auroc,score_file,fpr_budget,recall_at_budget,actual_fpr,threshold,note
ctt_test01,GRAIN+GB,True,0.8964111210933312,0.9463348717271568,results/paper_rewrite_framework_style/extra_experiments/predictions/ctt_test01_GRAIN_GB_scores.csv,0.0001,0.8918779099844801,9.076222113307556e-05,0.040261052671976,diagnostic operating curve from model scores
ctt_test01,GRAIN+GB,True,0.8964111210933312,0.9463348717271568,results/paper_rewrite_framework_style/extra_experiments/predictions/ctt_test01_GRAIN_GB_scores.csv,0.0005,0.892395240558717,0.000490115994118608,0.0163984832076897,diagnostic operating curve from model scores
ctt_test01,GRAIN+GB,True,0.8964111210933312,0.9463348717271568,results/paper_rewrite_framework_style/extra_experiments/predictions/ctt_test01_GRAIN_GB_scores.csv,0.001,0.892395240558717,0.0009983844324638312,0.0005417494064455,diagnostic operating curve from model scores
ctt_test01,GRAIN+GB,True,0.8964111210933312,0.9463348717271568,results/paper_rewrite_framework_style/extra_experiments/predictions/ctt_test01_GRAIN_GB_scores.csv,0.005,0.892912571132954,0.004991922162319157,0.0004484028441059,diagnostic operating curve from model scores
ctt_test01,GRAIN+GB,True,0.8964111210933312,0.9463348717271568,results/paper_rewrite_framework_style/extra_experiments/predictions/ctt_test01_GRAIN_GB_scores.csv,0.01,0.892912571132954,0.009983844324638313,0.0004484028441059,diagnostic operating curve from model scores
ctt_test01,Raw-window+GB,True,0.9395077366187605,0.9689510893236705,results/paper_rewrite_framework_style/extra_experiments/predictions/ctt_test01_Raw-window_GB_scores.csv,0.0001,0.9379203310915675,9.076222113307556e-05,0.0004388602610194,diagnostic operating curve from model scores
ctt_test01,Raw-window+GB,True,0.9395077366187605,0.9689510893236705,results/paper_rewrite_framework_style/extra_experiments/predictions/ctt_test01_Raw-window_GB_scores.csv,0.0005,0.9379203310915675,0.000490115994118608,0.0004388602610194,diagnostic operating curve from model scores
ctt_test01,Raw-window+GB,True,0.9395077366187605,0.9689510893236705,results/paper_rewrite_framework_style/extra_experiments/predictions/ctt_test01_Raw-window_GB_scores.csv,0.001,0.9379203310915675,0.0009983844324638312,0.0004388602610194,diagnostic operating curve from model scores
ctt_test01,Raw-window+GB,True,0.9395077366187605,0.9689510893236705,results/paper_rewrite_framework_style/extra_experiments/predictions/ctt_test01_Raw-window_GB_scores.csv,0.005,0.9379203310915675,0.004991922162319157,0.0004388602610194,diagnostic operating curve from model scores
ctt_test01,Raw-window+GB,True,0.9395077366187605,0.9689510893236705,results/paper_rewrite_framework_style/extra_experiments/predictions/ctt_test01_Raw-window_GB_scores.csv,0.01,0.9379203310915675,0.009983844324638313,0.0004388602610194,diagnostic operating curve from model scores
ctt_test02,Full_GRAIN,True,0.9037811794926541,0.9473074179743224,results/paper_rewrite_framework_style/extra_experiments/predictions/ctt_test02_Full_GRAIN_scores.csv,0.0001,0.8946148359486448,8.493723138600574e-05,0.0004388602610194,diagnostic operating curve from model scores
ctt_test02,Full_GRAIN,True,0.9037811794926541,0.9473074179743224,results/paper_rewrite_framework_style/extra_experiments/predictions/ctt_test02_Full_GRAIN_scores.csv,0.0005,0.8946148359486448,0.0004926359420388333,0.0004388602610194,diagnostic operating curve from model scores
ctt_test02,Full_GRAIN,True,0.9037811794926541,0.9473074179743224,results/paper_rewrite_framework_style/extra_experiments/predictions/ctt_test02_Full_GRAIN_scores.csv,0.001,0.8946148359486448,0.0009852718840776666,0.0004388602610194,diagnostic operating curve from model scores
ctt_test02,Full_GRAIN,True,0.9037811794926541,0.9473074179743224,results/paper_rewrite_framework_style/extra_experiments/predictions/ctt_test02_Full_GRAIN_scores.csv,0.005,0.8946148359486448,0.004994309205497137,0.0004388602610194,diagnostic operating curve from model scores
ctt_test02,Full_GRAIN,True,0.9037811794926541,0.9473074179743224,results/paper_rewrite_framework_style/extra_experiments/predictions/ctt_test02_Full_GRAIN_scores.csv,0.01,0.8946148359486448,0.009988618410994275,0.0004388602610194,diagnostic operating curve from model scores
ctt_test02,GRAIN+GB,True,0.9352766349668333,0.965198789955849,results/paper_rewrite_framework_style/extra_experiments/predictions/ctt_test02_GRAIN_GB_scores.csv,0.0001,0.3018901569186876,8.493723138600574e-05,0.9972542898404064,diagnostic operating curve from model scores
ctt_test02,GRAIN+GB,True,0.9352766349668333,0.965198789955849,results/paper_rewrite_framework_style/extra_experiments/predictions/ctt_test02_GRAIN_GB_scores.csv,0.0005,0.9300998573466477,0.0004926359420388333,0.3255720064169615,diagnostic operating curve from model scores
ctt_test02,GRAIN+GB,True,0.9352766349668333,0.965198789955849,results/paper_rewrite_framework_style/extra_experiments/predictions/ctt_test02_GRAIN_GB_scores.csv,0.001,0.9302781740370899,0.0009852718840776666,0.3255720064169615,diagnostic operating curve from model scores
ctt_test02,GRAIN+GB,True,0.9352766349668333,0.965198789955849,results/paper_rewrite_framework_style/extra_experiments/predictions/ctt_test02_GRAIN_GB_scores.csv,0.005,0.9306348074179743,0.004994309205497137,0.0005417494064455,diagnostic operating curve from model scores
ctt_test02,GRAIN+GB,True,0.9352766349668333,0.965198789955849,results/paper_rewrite_framework_style/extra_experiments/predictions/ctt_test02_GRAIN_GB_scores.csv,0.01,0.9306348074179743,0.009988618410994275,0.0005417494064455,diagnostic operating curve from model scores
ctt_test02,Raw-window+GB,True,0.9037811794926541,0.9473074179743224,results/paper_rewrite_framework_style/extra_experiments/predictions/ctt_test02_Raw-window_GB_scores.csv,0.0001,0.8946148359486448,8.493723138600574e-05,0.0004388602610194,diagnostic operating curve from model scores
ctt_test02,Raw-window+GB,True,0.9037811794926541,0.9473074179743224,results/paper_rewrite_framework_style/extra_experiments/predictions/ctt_test02_Raw-window_GB_scores.csv,0.0005,0.8946148359486448,0.0004926359420388333,0.0004388602610194,diagnostic operating curve from model scores
ctt_test02,Raw-window+GB,True,0.9037811794926541,0.9473074179743224,results/paper_rewrite_framework_style/extra_experiments/predictions/ctt_test02_Raw-window_GB_scores.csv,0.001,0.8946148359486448,0.0009852718840776666,0.0004388602610194,diagnostic operating curve from model scores
ctt_test02,Raw-window+GB,True,0.9037811794926541,0.9473074179743224,results/paper_rewrite_framework_style/extra_experiments/predictions/ctt_test02_Raw-window_GB_scores.csv,0.005,0.8946148359486448,0.004994309205497137,0.0004388602610194,diagnostic operating curve from model scores
ctt_test02,Raw-window+GB,True,0.9037811794926541,0.9473074179743224,results/paper_rewrite_framework_style/extra_experiments/predictions/ctt_test02_Raw-window_GB_scores.csv,0.01,0.8946148359486448,0.009988618410994275,0.0004388602610194,diagnostic operating curve from model scores
ctt_test03,GRAIN+GB,True,0.9306599076676716,0.9627862996412558,results/paper_rewrite_framework_style/extra_experiments/predictions/ctt_test03_GRAIN_GB_scores.csv,0.0001,0.7015581302437075,8.878966995611254e-05,0.0286050999436604,diagnostic operating curve from model scores
ctt_test03,GRAIN+GB,True,0.9306599076676716,0.9627862996412558,results/paper_rewrite_framework_style/extra_experiments/predictions/ctt_test03_GRAIN_GB_scores.csv,0.0005,0.8796111333066986,0.0004946853040411984,0.0190953752475162,diagnostic operating curve from model scores
ctt_test03,GRAIN+GB,True,0.9306599076676716,0.9627862996412558,results/paper_rewrite_framework_style/extra_experiments/predictions/ctt_test03_GRAIN_GB_scores.csv,0.001,0.9210280996137967,0.0009893706080823968,0.0005417494064455,diagnostic operating curve from model scores
ctt_test03,GRAIN+GB,True,0.9306599076676716,0.9627862996412558,results/paper_rewrite_framework_style/extra_experiments/predictions/ctt_test03_GRAIN_GB_scores.csv,0.005,0.9259555200426155,0.00499758999467262,0.0004484028441059,diagnostic operating curve from model scores
ctt_test03,GRAIN+GB,True,0.9306599076676716,0.9627862996412558,results/paper_rewrite_framework_style/extra_experiments/predictions/ctt_test03_GRAIN_GB_scores.csv,0.01,0.9259555200426155,0.00999517998934524,0.0004484028441059,diagnostic operating curve from model scores
ctt_test03,Raw-window+GB,True,0.15274452725976553,0.5360234385404181,results/paper_rewrite_framework_style/extra_experiments/predictions/ctt_test03_Raw-window_GB_scores.csv,0.0001,0.07204687708083633,8.878966995611254e-05,0.0004388602610194,diagnostic operating curve from model scores
ctt_test03,Raw-window+GB,True,0.15274452725976553,0.5360234385404181,results/paper_rewrite_framework_style/extra_experiments/predictions/ctt_test03_Raw-window_GB_scores.csv,0.0005,0.07204687708083633,0.0004946853040411984,0.0004388602610194,diagnostic operating curve from model scores
ctt_test03,Raw-window+GB,True,0.15274452725976553,0.5360234385404181,results/paper_rewrite_framework_style/extra_experiments/predictions/ctt_test03_Raw-window_GB_scores.csv,0.001,0.07204687708083633,0.0009893706080823968,0.0004388602610194,diagnostic operating curve from model scores
ctt_test03,Raw-window+GB,True,0.15274452725976553,0.5360234385404181,results/paper_rewrite_framework_style/extra_experiments/predictions/ctt_test03_Raw-window_GB_scores.csv,0.005,0.07204687708083633,0.00499758999467262,0.0004388602610194,diagnostic operating curve from model scores
ctt_test03,Raw-window+GB,True,0.15274452725976553,0.5360234385404181,results/paper_rewrite_framework_style/extra_experiments/predictions/ctt_test03_Raw-window_GB_scores.csv,0.01,0.07204687708083633,0.00999517998934524,0.0004388602610194,diagnostic operating curve from model scores
ctt_test04,GRAIN+GB,True,0.7900412414566776,0.9036418920112627,results/paper_rewrite_framework_style/extra_experiments/predictions/ctt_test04_GRAIN_GB_scores.csv,0.0001,0.4764119601328904,9.946822755269903e-05,0.3255720064169615,diagnostic operating curve from model scores
ctt_test04,GRAIN+GB,True,0.7900412414566776,0.9036418920112627,results/paper_rewrite_framework_style/extra_experiments/predictions/ctt_test04_GRAIN_GB_scores.csv,0.0005,0.7488372093023256,0.0004973411377634952,0.0837095267590383,diagnostic operating curve from model scores
ctt_test04,GRAIN+GB,True,0.7900412414566776,0.9036418920112627,results/paper_rewrite_framework_style/extra_experiments/predictions/ctt_test04_GRAIN_GB_scores.csv,0.001,0.8053156146179402,0.0009946822755269903,0.0005417494064455,diagnostic operating curve from model scores
ctt_test04,GRAIN+GB,True,0.7900412414566776,0.9036418920112627,results/paper_rewrite_framework_style/extra_experiments/predictions/ctt_test04_GRAIN_GB_scores.csv,0.005,0.8053156146179402,0.004996365583993267,0.0005417494064455,diagnostic operating curve from model scores
ctt_test04,GRAIN+GB,True,0.7900412414566776,0.9036418920112627,results/paper_rewrite_framework_style/extra_experiments/predictions/ctt_test04_GRAIN_GB_scores.csv,0.01,0.8431893687707641,0.009992731167986534,0.0005417494064455,diagnostic operating curve from model scores
ctt_test04,Raw-window+GB,True,0.10709760693645594,0.5697438775755325,results/paper_rewrite_framework_style/extra_experiments/predictions/ctt_test04_Raw-window_GB_scores.csv,0.0001,0.0,9.946822755269903e-05,0.9978253405514852,diagnostic operating curve from model scores
ctt_test04,Raw-window+GB,True,0.10709760693645594,0.5697438775755325,results/paper_rewrite_framework_style/extra_experiments/predictions/ctt_test04_Raw-window_GB_scores.csv,0.0005,0.10631229235880399,0.0004973411377634952,0.9978253405514852,diagnostic operating curve from model scores
ctt_test04,Raw-window+GB,True,0.10709760693645594,0.5697438775755325,results/paper_rewrite_framework_style/extra_experiments/predictions/ctt_test04_Raw-window_GB_scores.csv,0.001,0.14019933554817277,0.0009946822755269903,0.0004388602610194,diagnostic operating curve from model scores
ctt_test04,Raw-window+GB,True,0.10709760693645594,0.5697438775755325,results/paper_rewrite_framework_style/extra_experiments/predictions/ctt_test04_Raw-window_GB_scores.csv,0.005,0.14019933554817277,0.004996365583993267,0.0004388602610194,diagnostic operating curve from model scores
ctt_test04,Raw-window+GB,True,0.10709760693645594,0.5697438775755325,results/paper_rewrite_framework_style/extra_experiments/predictions/ctt_test04_Raw-window_GB_scores.csv,0.01,0.14019933554817277,0.009992731167986534,0.0004388602610194,diagnostic operating curve from model scores
