protocol,negative_cap,negative_ratio,seed,model,granularity,window_size,setting,precision,recall,f1,macro_f1,auroc,aupr,fpr,fnr,num_positive,num_negative,recall_at_fpr_1e_3,num_train_pos,num_train_neg,num_test_pos,num_test_neg,fit_time,inference_time,status,notes
B_2x_negative_cap,120000,5.662514156285391,42,ExtraTrees,sample,1,ctt_test01,0.7114966132344377,0.3668457648546144,0.4840939660295911,0.7398594728186612,0.6911144060506863,0.38899031918830573,0.0016691521600740505,0.6331542351453856,63280,5639390,0.3668457648546144,21192,120000,63280,5639390,0.19374585151672363,58.12576413154602,completed_lightweight_large_negative,large-negative lightweight completion: capped negatives with constrained tree/MLP settings for final evidence closure
B_2x_negative_cap,120000,5.662514156285391,42,ExtraTrees,sample,1,ctt_test02,0.06018298421445827,0.03778469485341147,0.046423386070738974,0.5131222911872784,0.8212143250287587,0.15336836798565376,0.015415317286652078,0.9622153051465885,164167,6283750,0.036091297276553753,21192,120000,164167,6283750,0.19374585151672363,65.72396802902222,completed_lightweight_large_negative,large-negative lightweight completion: capped negatives with constrained tree/MLP settings for final evidence closure
B_2x_negative_cap,120000,5.662514156285391,42,ExtraTrees,sample,1,ctt_test03,0.3454684203438524,0.3695558223289316,0.35710639877499883,0.677748959548842,0.730851300569912,0.3280897115031423,0.0016926211191660523,0.6304441776710684,20825,8614450,0.36672268907563027,21192,120000,20825,8614450,0.19374585151672363,90.29150629043579,completed_lightweight_large_negative,large-negative lightweight completion: capped negatives with constrained tree/MLP settings for final evidence closure
B_2x_negative_cap,120000,5.662514156285391,42,ExtraTrees,sample,1,ctt_test04,0.003016349188713175,0.05146026397079472,0.005698670180717036,0.4979648942686721,0.5170377445020556,0.028082747205516623,0.01834547134320856,0.9485397360292053,14244,13206311,0.029345689413086212,21192,120000,14244,13206311,0.19374585151672363,133.48115277290344,completed_lightweight_large_negative,large-negative lightweight completion: capped negatives with constrained tree/MLP settings for final evidence closure
B_2x_negative_cap,120000,5.662514156285391,42,RandomForest,sample,1,ctt_test01,0.8845790928085192,0.41480720606826804,0.5647739742238097,0.7805988585950738,0.7071860864739589,0.41541656651455605,0.0006073351905081933,0.585192793931732,63280,5639390,0.41482300884955753,21192,120000,63280,5639390,0.424713134765625,56.791112184524536,completed_lightweight_large_negative,large-negative lightweight completion: capped negatives with constrained tree/MLP settings for final evidence closure
B_2x_negative_cap,120000,5.662514156285391,42,RandomForest,sample,1,ctt_test02,0.6461725165093225,0.9989583777494868,0.7847393190306321,0.8887644371180017,0.9914457294244453,0.6541515168315275,0.01429082952058882,0.0010416222505131969,164167,6283750,0.037534949167615905,21192,120000,164167,6283750,0.424713134765625,64.6265959739685,completed_lightweight_large_negative,large-negative lightweight completion: capped negatives with constrained tree/MLP settings for final evidence closure
B_2x_negative_cap,120000,5.662514156285391,42,RandomForest,sample,1,ctt_test03,0.7348737163474882,0.5085714285714286,0.6011294945653717,0.8001570088215393,0.7542280410625556,0.48944334252787697,0.00044355704659032206,0.49142857142857144,20825,8614450,0.5087635054021609,21192,120000,20825,8614450,0.424713134765625,86.70515727996826,completed_lightweight_large_negative,large-negative lightweight completion: capped negatives with constrained tree/MLP settings for final evidence closure
B_2x_negative_cap,120000,5.662514156285391,42,RandomForest,sample,1,ctt_test04,0.021298932251387924,0.4002386969952261,0.040445532262069456,0.5150523480754367,0.688880162362859,0.030106605383280194,0.019836349454438865,0.5997613030047739,14244,13206311,0.043456894130862116,21192,120000,14244,13206311,0.424713134765625,133.11880588531494,completed_lightweight_large_negative,large-negative lightweight completion: capped negatives with constrained tree/MLP settings for final evidence closure
B_2x_negative_cap,120000,5.662514156285391,42,MLP,sample,1,ctt_test01,0.3526623528494582,0.35742730720606825,0.355028842757917,0.673871064999128,0.6701464157043875,0.3534725052253625,0.007361966453818587,0.6425726927939317,63280,5639390,0.32778128950695323,21192,120000,63280,5639390,2.4518558979034424,60.35848116874695,completed_lightweight_large_negative,large-negative lightweight completion: capped negatives with constrained tree/MLP settings for final evidence closure
B_2x_negative_cap,120000,5.662514156285391,42,MLP,sample,1,ctt_test02,0.03357237715803453,0.03849738376165734,0.03586660121390285,0.5043892639222107,0.9504761213106234,0.2134368133750332,0.028952456733638353,0.9615026162383427,164167,6283750,0.03425779846132292,21192,120000,164167,6283750,2.4518558979034424,68.74147701263428,completed_lightweight_large_negative,large-negative lightweight completion: capped negatives with constrained tree/MLP settings for final evidence closure
B_2x_negative_cap,120000,5.662514156285391,42,MLP,sample,1,ctt_test03,0.11151856774544815,0.33440576230492197,0.1672591026995869,0.581612245293535,0.7108111232350551,0.1839328296522052,0.006440689771256436,0.6655942376950781,20825,8614450,0.19846338535414165,21192,120000,20825,8614450,2.4518558979034424,91.34508037567139,completed_lightweight_large_negative,large-negative lightweight completion: capped negatives with constrained tree/MLP settings for final evidence closure
B_2x_negative_cap,120000,5.662514156285391,42,MLP,sample,1,ctt_test04,0.003986753460871542,0.07877000842459983,0.007589388384583124,0.49818315988002887,0.4629277210241945,0.0015650017178004084,0.02122545804047777,0.9212299915754002,14244,13206311,0.009969109800617803,21192,120000,14244,13206311,2.4518558979034424,145.07660365104675,completed_lightweight_large_negative,large-negative lightweight completion: capped negatives with constrained tree/MLP settings for final evidence closure
B_2x_negative_cap,120000,5.662514156285391,2024,ExtraTrees,sample,1,ctt_test01,0.9928660049627791,0.3540929203539823,0.5220156555772995,0.7591952906182537,0.674749781496752,0.374022735181429,2.8549187057465435e-05,0.6459070796460177,63280,5639390,0.3668299620733249,21192,120000,63280,5639390,0.21700048446655273,57.560303926467896,completed_lightweight_large_negative,large-negative lightweight completion: capped negatives with constrained tree/MLP settings for final evidence closure
B_2x_negative_cap,120000,5.662514156285391,2024,ExtraTrees,sample,1,ctt_test02,0.20377019748653502,0.037333934347341426,0.0631058714510026,0.5243889895452242,0.44830368465360243,0.06034323111884436,0.0038112592003182815,0.9626660656526586,164167,6283750,0.03732784298915129,21192,120000,164167,6283750,0.21700048446655273,65.78541731834412,completed_lightweight_large_negative,large-negative lightweight completion: capped negatives with constrained tree/MLP settings for final evidence closure
B_2x_negative_cap,120000,5.662514156285391,2024,ExtraTrees,sample,1,ctt_test03,0.9717274526434831,0.1650420168067227,0.2821607421393974,0.640573360476981,0.7028242416882707,0.38478630494367516,1.1608402161484483e-05,0.8349579831932773,20825,8614450,0.38626650660264106,21192,120000,20825,8614450,0.21700048446655273,86.68669152259827,completed_lightweight_large_negative,large-negative lightweight completion: capped negatives with constrained tree/MLP settings for final evidence closure
B_2x_negative_cap,120000,5.662514156285391,2024,ExtraTrees,sample,1,ctt_test04,0.01011027878342982,0.04254422914911542,0.0163379750077511,0.5067852274623659,0.5105999141560214,0.032919852752662127,0.004492776218885047,0.9574557708508846,14244,13206311,0.04015725919685482,21192,120000,14244,13206311,0.21700048446655273,133.41270327568054,completed_lightweight_large_negative,large-negative lightweight completion: capped negatives with constrained tree/MLP settings for final evidence closure
B_2x_negative_cap,120000,5.662514156285391,2024,RandomForest,sample,1,ctt_test01,0.9583666166086207,0.9479772439949431,0.9531436198102865,0.976310361357845,0.973889162662147,0.939456123260279,0.0004621067172158691,0.05202275600505689,63280,5639390,0.9479772439949431,21192,120000,63280,5639390,0.4101979732513428,57.07540321350098,completed_lightweight_large_negative,large-negative lightweight completion: capped negatives with constrained tree/MLP settings for final evidence closure
B_2x_negative_cap,120000,5.662514156285391,2024,RandomForest,sample,1,ctt_test02,0.2749063783471942,0.9985076172434167,0.43111841672693807,0.6977350505123454,0.9966472298295704,0.9468464354397915,0.0688062064849811,0.0014923827565832353,164167,6283750,0.9322397314929309,21192,120000,164167,6283750,0.4101979732513428,64.99364829063416,completed_lightweight_large_negative,large-negative lightweight completion: capped negatives with constrained tree/MLP settings for final evidence closure
B_2x_negative_cap,120000,5.662514156285391,2024,RandomForest,sample,1,ctt_test03,0.8503951825366955,0.6509963985594238,0.737454782821552,0.8684473310200886,0.8254019612416356,0.6204057648048156,0.0002768603915514049,0.34900360144057624,20825,8614450,0.6509963985594238,21192,120000,20825,8614450,0.4101979732513428,90.03952956199646,completed_lightweight_large_negative,large-negative lightweight completion: capped negatives with constrained tree/MLP settings for final evidence closure
B_2x_negative_cap,120000,5.662514156285391,2024,RandomForest,sample,1,ctt_test04,0.019094272286595933,0.4717775905644482,0.03670306022688171,0.5115875229414939,0.7203815978615457,0.036758754584893784,0.02614038091333757,0.5282224094355518,14244,13206311,0.11647009267059814,21192,120000,14244,13206311,0.4101979732513428,133.76649045944214,completed_lightweight_large_negative,large-negative lightweight completion: capped negatives with constrained tree/MLP settings for final evidence closure
B_2x_negative_cap,120000,5.662514156285391,2024,MLP,sample,1,ctt_test01,0.6326179998794382,0.33168457648546146,0.4351945924651144,0.7151885700649308,0.6532638890735237,0.34569250871095497,0.002161403981636312,0.6683154235145385,63280,5639390,0.32488938053097344,21192,120000,63280,5639390,2.5191333293914795,60.18145203590393,completed_lightweight_large_negative,large-negative lightweight completion: capped negatives with constrained tree/MLP settings for final evidence closure
B_2x_negative_cap,120000,5.662514156285391,2024,MLP,sample,1,ctt_test02,0.05379179025229778,0.03579282072523711,0.042984166230802145,0.5111275582469348,0.9688419476356726,0.29432424773076954,0.016448776606325842,0.9642071792747628,164167,6283750,0.03006694402650959,21192,120000,164167,6283750,2.5191333293914795,68.29254531860352,completed_lightweight_large_negative,large-negative lightweight completion: capped negatives with constrained tree/MLP settings for final evidence closure
B_2x_negative_cap,120000,5.662514156285391,2024,MLP,sample,1,ctt_test03,0.2710928652321631,0.2758703481392557,0.2734607420805864,0.6358444279364898,0.701647690554726,0.2508728571544269,0.001793149881884508,0.7241296518607443,20825,8614450,0.2471548619447779,21192,120000,20825,8614450,2.5191333293914795,91.55493807792664,completed_lightweight_large_negative,large-negative lightweight completion: capped negatives with constrained tree/MLP settings for final evidence closure
B_2x_negative_cap,120000,5.662514156285391,2024,MLP,sample,1,ctt_test04,0.005255435507536348,0.06915192361696153,0.009768482017563434,0.5010789198512159,0.38866887929341,0.0015864973020979988,0.014117492765390729,0.9308480763830385,14244,13206311,0.011864644762707105,21192,120000,14244,13206311,2.5191333293914795,142.36727166175842,completed_lightweight_large_negative,large-negative lightweight completion: capped negatives with constrained tree/MLP settings for final evidence closure
B_2x_negative_cap,120000,5.662514156285391,2026,ExtraTrees,sample,1,ctt_test01,0.32513515784755875,0.3668457648546144,0.34473336402381977,0.6684516502240699,0.6667294137357376,0.37976866998240794,0.008544186516626799,0.6331542351453856,63280,5639390,0.3668457648546144,21192,120000,63280,5639390,0.1760239601135254,60.32565450668335,completed_lightweight_large_negative,large-negative lightweight completion: capped negatives with constrained tree/MLP settings for final evidence closure
B_2x_negative_cap,120000,5.662514156285391,2026,ExtraTrees,sample,1,ctt_test02,0.015194806806757109,0.03728520348182034,0.021590752766304174,0.48829689477516197,0.39868557234621477,0.06105613166073008,0.06313332007161329,0.9627147965181797,164167,6283750,0.03666388494642651,21192,120000,164167,6283750,0.1760239601135254,66.53882622718811,completed_lightweight_large_negative,large-negative lightweight completion: capped negatives with constrained tree/MLP settings for final evidence closure
B_2x_negative_cap,120000,5.662514156285391,2026,ExtraTrees,sample,1,ctt_test03,0.07915663713468349,0.301608643457383,0.1254018008664923,0.5601496458771432,0.6842326450858481,0.21370637198649586,0.008482027291353481,0.6983913565426171,20825,8614450,0.21426170468187275,21192,120000,20825,8614450,0.1760239601135254,94.28885293006897,completed_lightweight_large_negative,large-negative lightweight completion: capped negatives with constrained tree/MLP settings for final evidence closure
B_2x_negative_cap,120000,5.662514156285391,2026,ExtraTrees,sample,1,ctt_test04,0.0032999748914953908,0.05812973883740522,0.006245403631837981,0.4980894757120385,0.5297835471488659,0.026558643664078688,0.01893662810151904,0.9418702611625948,14244,13206311,0.04317607413647852,21192,120000,14244,13206311,0.1760239601135254,133.94679641723633,completed_lightweight_large_negative,large-negative lightweight completion: capped negatives with constrained tree/MLP settings for final evidence closure
B_2x_negative_cap,120000,5.662514156285391,2026,RandomForest,sample,1,ctt_test01,0.9765621602817759,0.35489886219974714,0.5206022462533467,0.7584740726013781,0.7100122678449506,0.4233849760233508,9.557771319238428e-05,0.6451011378002528,63280,5639390,0.42087547408343867,21192,120000,63280,5639390,0.3911571502685547,57.20406103134155,completed_lightweight_large_negative,large-negative lightweight completion: capped negatives with constrained tree/MLP settings for final evidence closure
B_2x_negative_cap,120000,5.662514156285391,2026,RandomForest,sample,1,ctt_test02,0.910377358490566,0.0376202281822778,0.07225462266965388,0.5298954662168797,0.9768590455723369,0.45476374352336063,9.675750944897553e-05,0.9623797718177222,164167,6283750,0.03765677633141862,21192,120000,164167,6283750,0.3911571502685547,64.96373510360718,completed_lightweight_large_negative,large-negative lightweight completion: capped negatives with constrained tree/MLP settings for final evidence closure
B_2x_negative_cap,120000,5.662514156285391,2026,RandomForest,sample,1,ctt_test03,0.8897403965897117,0.4460024009603841,0.5941658137154554,0.7967149101785149,0.7412921362920898,0.47085101351322234,0.0001336127088786864,0.5539975990396159,20825,8614450,0.4832172869147659,21192,120000,20825,8614450,0.3911571502685547,86.72643518447876,completed_lightweight_large_negative,large-negative lightweight completion: capped negatives with constrained tree/MLP settings for final evidence closure
B_2x_negative_cap,120000,5.662514156285391,2026,RandomForest,sample,1,ctt_test04,0.48873873873873874,0.07617242347655154,0.1318027210884354,0.5656308933447707,0.5497756503746352,0.04983865037325107,8.594375825315639e-05,0.9238275765234485,14244,13206311,0.08831788823364224,21192,120000,14244,13206311,0.3911571502685547,132.05630326271057,completed_lightweight_large_negative,large-negative lightweight completion: capped negatives with constrained tree/MLP settings for final evidence closure
B_2x_negative_cap,120000,5.662514156285391,2026,MLP,sample,1,ctt_test01,0.2622047244094488,0.35783817951959546,0.30264635124298317,0.6466876576172804,0.6282084989336643,0.3494496555244297,0.01129838510902775,0.6421618204804046,63280,5639390,0.327370417193426,21192,120000,63280,5639390,2.379399061203003,59.97608470916748,completed_lightweight_large_negative,large-negative lightweight completion: capped negatives with constrained tree/MLP settings for final evidence closure
B_2x_negative_cap,120000,5.662514156285391,2026,MLP,sample,1,ctt_test02,0.169375,0.44570467877222586,0.24546813225153352,0.6044479206553244,0.9354976330352538,0.1837135649560995,0.05710443604535508,0.5542953212277741,164167,6283750,0.03432480340141442,21192,120000,164167,6283750,2.379399061203003,69.14500188827515,completed_lightweight_large_negative,large-negative lightweight completion: capped negatives with constrained tree/MLP settings for final evidence closure
B_2x_negative_cap,120000,5.662514156285391,2026,MLP,sample,1,ctt_test03,0.09086054468859397,0.4412004801920768,0.15068841381911816,0.5723243982405963,0.712578436395192,0.23991357488595702,0.010672068443139143,0.5587995198079232,20825,8614450,0.22252100840336134,21192,120000,20825,8614450,2.379399061203003,92.52570271492004,completed_lightweight_large_negative,large-negative lightweight completion: capped negatives with constrained tree/MLP settings for final evidence closure
B_2x_negative_cap,120000,5.662514156285391,2026,MLP,sample,1,ctt_test04,0.0021254696534815025,0.07132827857343443,0.004127933433010466,0.49261800043221377,0.4546550329230085,0.0015598160425697497,0.03611879199270712,0.9286717214265656,14244,13206311,0.009618084807638304,21192,120000,14244,13206311,2.379399061203003,144.37384271621704,completed_lightweight_large_negative,large-negative lightweight completion: capped negatives with constrained tree/MLP settings for final evidence closure
C_5x_negative_cap,300000,14.156285390713476,42,ExtraTrees,sample,1,ctt_test01,0.9961380020597322,0.3668457648546144,0.5362191628938372,0.7663357115976172,0.6922001416793003,0.38331293889493484,1.595917288926639e-05,0.6331542351453856,63280,5639390,0.3668457648546144,21192,300000,63280,5639390,0.4700279235839844,57.309327363967896,completed_lightweight_large_negative,large-negative lightweight completion: capped negatives with constrained tree/MLP settings for final evidence closure
C_5x_negative_cap,300000,14.156285390713476,42,ExtraTrees,sample,1,ctt_test02,0.0738543747625409,0.03670652445375745,0.04903971354166667,0.515282440452162,0.4487323052573975,0.061084751605331805,0.012025780783767655,0.9632934755462426,164167,6283750,0.03661515408090542,21192,300000,164167,6283750,0.4700279235839844,66.11567521095276,completed_lightweight_large_negative,large-negative lightweight completion: capped negatives with constrained tree/MLP settings for final evidence closure
C_5x_negative_cap,300000,14.156285390713476,42,ExtraTrees,sample,1,ctt_test03,0.9317679879111938,0.384921968787515,0.5447872774228626,0.7720051489136096,0.7174106612554882,0.3642902798425781,6.814132068791391e-05,0.6150780312124849,20825,8614450,0.3923169267707083,21192,300000,20825,8614450,0.4700279235839844,89.63362383842468,completed_lightweight_large_negative,large-negative lightweight completion: capped negatives with constrained tree/MLP settings for final evidence closure
C_5x_negative_cap,300000,14.156285390713476,42,ExtraTrees,sample,1,ctt_test04,0.009241072263688572,0.034681269306374614,0.01459358059703697,0.5060320125824485,0.5444809324538444,0.027324665404252085,0.004010431073446627,0.9653187306936254,14244,13206311,0.02674810446503791,21192,300000,14244,13206311,0.4700279235839844,133.37578082084656,completed_lightweight_large_negative,large-negative lightweight completion: capped negatives with constrained tree/MLP settings for final evidence closure
C_5x_negative_cap,300000,14.156285390713476,42,RandomForest,sample,1,ctt_test01,0.9695608221947658,0.40922882427307206,0.5755370100790097,0.7860806652190698,0.7045796789507268,0.41404259337022353,0.00014416452843303974,0.5907711757269279,63280,5639390,0.4092920353982301,21192,300000,63280,5639390,0.8260390758514404,56.954662561416626,completed_lightweight_large_negative,large-negative lightweight completion: capped negatives with constrained tree/MLP settings for final evidence closure
C_5x_negative_cap,300000,14.156285390713476,42,RandomForest,sample,1,ctt_test02,0.026364945242682583,0.03825982079224204,0.031217693836978134,0.5000071316494925,0.5007294307669151,0.062029491964570124,0.03691298985478417,0.961740179207758,164167,6283750,0.03759586274951726,21192,300000,164167,6283750,0.8260390758514404,64.48217129707336,completed_lightweight_large_negative,large-negative lightweight completion: capped negatives with constrained tree/MLP settings for final evidence closure
C_5x_negative_cap,300000,14.156285390713476,42,RandomForest,sample,1,ctt_test03,0.8796676709577285,0.46266506602641055,0.6063943608785953,0.8028343935772172,0.7389829612973992,0.46898038745758314,0.00015299874048836548,0.5373349339735894,20825,8614450,0.4780792316926771,21192,300000,20825,8614450,0.8260390758514404,86.98389983177185,completed_lightweight_large_negative,large-negative lightweight completion: capped negatives with constrained tree/MLP settings for final evidence closure
C_5x_negative_cap,300000,14.156285390713476,42,RandomForest,sample,1,ctt_test04,0.0035407010531388642,0.08768604324627914,0.006806558056016501,0.4964135680461074,0.5397025741030199,0.027498237170888562,0.026616516906197346,0.9123139567537208,14244,13206311,0.06472900870541982,21192,300000,14244,13206311,0.8260390758514404,134.15722370147705,completed_lightweight_large_negative,large-negative lightweight completion: capped negatives with constrained tree/MLP settings for final evidence closure
C_5x_negative_cap,300000,14.156285390713476,42,MLP,sample,1,ctt_test01,0.7790819458990935,0.340897597977244,0.4742714551110818,0.7350222649512124,0.6512691042188891,0.3611464116837996,0.0010846917840404726,0.659102402022756,63280,5639390,0.3404551201011378,21192,300000,63280,5639390,4.519200801849365,61.99563145637512,completed_lightweight_large_negative,large-negative lightweight completion: capped negatives with constrained tree/MLP settings for final evidence closure
C_5x_negative_cap,300000,14.156285390713476,42,MLP,sample,1,ctt_test02,0.04808846957138089,0.08513282206533591,0.06146025268360899,0.5135753652752824,0.953381582778391,0.22153116680108131,0.044027053908891986,0.9148671779346641,164167,6283750,0.03412378858113994,21192,300000,164167,6283750,4.519200801849365,74.11398482322693,completed_lightweight_large_negative,large-negative lightweight completion: capped negatives with constrained tree/MLP settings for final evidence closure
C_5x_negative_cap,300000,14.156285390713476,42,MLP,sample,1,ctt_test03,0.3687131460284426,0.20417767106842738,0.26281793738603704,0.6307171038322411,0.6840847207277294,0.17589710664377511,0.0008450916773560703,0.7958223289315727,20825,8614450,0.2102280912364946,21192,300000,20825,8614450,4.519200801849365,94.71704173088074,completed_lightweight_large_negative,large-negative lightweight completion: capped negatives with constrained tree/MLP settings for final evidence closure
C_5x_negative_cap,300000,14.156285390713476,42,MLP,sample,1,ctt_test04,0.0034138458739552454,0.06718618365627632,0.006497540507785846,0.49765225473828184,0.4136747019469625,0.0016488033134302899,0.021154431392687936,0.9328138163437236,14244,13206311,0.008003369839932602,21192,300000,14244,13206311,4.519200801849365,144.12310695648193,completed_lightweight_large_negative,large-negative lightweight completion: capped negatives with constrained tree/MLP settings for final evidence closure
