dataset,model,seed,granularity,threshold,train_protocol,test_protocol,precision,recall,f1,auroc,aupr,fpr,fnr
ctt_test01,GradientBoosting,42,sample,0.04907887115942295,all positives + capped negative sampling,full official test folder,0.8425119827839186,0.40832806573957015,0.5500643966407306,0.4186910518013276,0.40272639975787783,0.000856475611723963,0.5916719342604299
ctt_test01,RandomForest,42,sample,0.05714285714285714,all positives + capped negative sampling,full official test folder,0.9601947656725502,0.37395701643489254,0.5382769405743532,0.7117089660496765,0.4243284809122579,0.00017395498449300368,0.6260429835651075
ctt_test01,MLP,42,sample,0.05430891364812851,all positives + capped negative sampling,full official test folder,0.2956405740040408,0.3607300884955752,0.3249580047262478,0.6920333968099216,0.35479609048062544,0.009643773528697252,0.6392699115044248
ctt_test01,LogisticRegression,42,sample,0.4250350892543793,all positives + capped negative sampling,full official test folder,0.8597674418604652,0.35053729456384325,0.49802424786708577,0.6040325128389797,0.35625362982564845,0.0006415587501485089,0.6494627054361568
ctt_test01,GaussianNB,42,sample,1.5227641370074707e-10,all positives + capped negative sampling,full official test folder,0.9774324036619119,0.3627528445006321,0.5291304097274246,0.6566695313151285,0.36192793146093255,9.398179590345765e-05,0.6372471554993678
ctt_test01,IsolationForest,42,sample,-0.11383353431159182,all positives + capped negative sampling,full official test folder,0.012364471806753102,0.9877370417193426,0.024423214323044524,0.45271706552411123,0.009975923747588652,0.8853129505141514,0.012262958280657396
ctt_test01,BIRCH,42,sample,1.2259972095489502,all positives + capped negative sampling,full official test folder,0.021457792151690216,0.9419563843236409,0.041959740274367587,0.701172470245911,0.017205925983006038,0.4820140121537968,0.05804361567635904
ctt_test02,GradientBoosting,42,sample,0.04907887115942295,all positives + capped negative sampling,full official test folder,0.9362671146769069,0.9980263999463961,0.9661608135321366,0.9980969031499822,0.9350078660430468,0.001774895563954645,0.0019736000536039523
ctt_test02,RandomForest,42,sample,0.05714285714285714,all positives + capped negative sampling,full official test folder,0.2563753965311251,0.03790652201721418,0.06604754829123329,0.9803320911357968,0.467157272852717,0.002872488561766461,0.9620934779827858
ctt_test02,MLP,42,sample,0.05430891364812851,all positives + capped negative sampling,full official test folder,0.025584040740156015,0.03849738376165734,0.030739598634227962,0.936119774065648,0.17515827070358697,0.03830658444400239,0.9615026162383427
ctt_test02,LogisticRegression,42,sample,0.4250350892543793,all positives + capped negative sampling,full official test folder,0.21620489915555866,0.037742055346080515,0.06426552573577078,0.7220692102482857,0.06922985512973744,0.003574617067833698,0.9622579446539195
ctt_test02,GaussianNB,42,sample,1.5227641370074707e-10,all positives + capped negative sampling,full official test folder,0.28141176470588236,0.03642632197701121,0.0645032548256093,0.5054301994215551,0.059042929888151484,0.002430077581062264,0.9635736780229888
ctt_test02,IsolationForest,42,sample,-0.11383353431159182,all positives + capped negative sampling,full official test folder,0.027006521975922758,0.9998050765379156,0.05259242846543762,0.37430334302328633,0.021684432564401855,0.9410735627610901,0.00019492346208434096
ctt_test02,BIRCH,42,sample,1.2259972095489502,all positives + capped negative sampling,full official test folder,0.02832670692534036,0.9991776666443317,0.055091566824285135,0.3774198652175461,0.019841702537755877,0.8954345733041575,0.0008223333556683133
ctt_test03,GradientBoosting,42,sample,0.04907887115942295,all positives + capped negative sampling,full official test folder,0.8084413334257399,0.5601440576230492,0.6617688772905203,0.7283831430615649,0.5208897577478726,0.0003208562357434311,0.4398559423769508
ctt_test03,RandomForest,42,sample,0.05714285714285714,all positives + capped negative sampling,full official test folder,0.8678492239467849,0.46986794717887154,0.6096573208722742,0.7893594826142125,0.5472636513168352,0.0001729651922061188,0.5301320528211284
ctt_test03,MLP,42,sample,0.05430891364812851,all positives + capped negative sampling,full official test folder,0.0791478812477974,0.3127490996398559,0.12632620206761447,0.7104457546383598,0.16818045900415374,0.008796382821886481,0.687250900360144
ctt_test03,LogisticRegression,42,sample,0.4250350892543793,all positives + capped negative sampling,full official test folder,0.6638742730545555,0.4604561824729892,0.543763645127449,0.6907960583635622,0.430185947097477,0.0005635879249400716,0.5395438175270107
ctt_test03,GaussianNB,42,sample,1.5227641370074707e-10,all positives + capped negative sampling,full official test folder,0.9004366812227074,0.396062424969988,0.5501417375354344,0.7027197325173298,0.3778508844605921,0.00010586862771273847,0.603937575030012
ctt_test03,IsolationForest,42,sample,-0.11383353431159182,all positives + capped negative sampling,full official test folder,0.0027186723114093246,1.0,0.0054226023439703135,0.6245242394690175,0.10704697313591299,0.8867848788953444,0.0
ctt_test03,BIRCH,42,sample,1.2259972095489502,all positives + capped negative sampling,full official test folder,0.0045713736522385055,0.9181752701080432,0.009097453274507481,0.8896968482526189,0.3200907690049571,0.48333300442860544,0.08182472989195679
ctt_test04,GradientBoosting,42,sample,0.04907887115942295,all positives + capped negative sampling,full official test folder,0.6336088154269972,0.2260600954787981,0.3332298458035806,0.48117097647205437,0.14197882114306132,0.00014099319635892265,0.7739399045212019
ctt_test04,RandomForest,42,sample,0.05714285714285714,all positives + capped negative sampling,full official test folder,0.22900920355802354,0.3126930637461387,0.2643872614489656,0.6878662469146622,0.09036026655918501,0.0011354419867894978,0.6873069362538613
ctt_test04,MLP,42,sample,0.05430891364812851,all positives + capped negative sampling,full official test folder,0.0032632362112541987,0.08375456332490873,0.006281724551907159,0.4353845453358681,0.001492822925057514,0.027592489681637817,0.9162454366750913
ctt_test04,LogisticRegression,42,sample,0.4250350892543793,all positives + capped negative sampling,full official test folder,0.013339613181604097,0.06163998876720023,0.021932727976718337,0.3367693039666594,0.01914343788053455,0.00491742167816584,0.9383600112327998
ctt_test04,GaussianNB,42,sample,1.5227641370074707e-10,all positives + capped negative sampling,full official test folder,0.010539698918391037,0.04015725919685482,0.01669707363351091,0.5208076567774168,0.0016796613864500229,0.004066162003908586,0.9598427408031451
ctt_test04,IsolationForest,42,sample,-0.11383353431159182,all positives + capped negative sampling,full official test folder,0.0011006196724603024,0.9828699803426004,0.0021987771500879784,0.7680212439096655,0.1382478183306528,0.9621238663847913,0.017130019657399607
ctt_test04,BIRCH,42,sample,1.2259972095489502,all positives + capped negative sampling,full official test folder,0.001255488910641978,0.9435551811288964,0.0025076411688630448,0.7959119169472938,0.3227378744217656,0.8095790717029153,0.05644481887110362
ctt_test01,GradientBoosting,2024,sample,0.08532433018125712,all positives + capped negative sampling,full official test folder,0.8888187892518138,0.979582806573957,0.9319962111530423,0.9892624839766844,0.9064886902578513,0.0013749714064819067,0.020417193426042982
ctt_test01,RandomForest,2024,sample,0.013905626092290598,all positives + capped negative sampling,full official test folder,0.9519547210607482,0.9462231352718078,0.949080274847637,0.9729987743656741,0.9367011843054367,0.0005358735607929226,0.05377686472819216
ctt_test01,MLP,2024,sample,0.019224150106310844,all positives + capped negative sampling,full official test folder,0.1984205923207518,0.3656921618204804,0.2572565673184885,0.6574758888624318,0.35345353797891393,0.01657714752836743,0.6343078381795196
ctt_test01,LogisticRegression,2024,sample,0.2033115029335022,all positives + capped negative sampling,full official test folder,0.7213946218380172,0.35737989886219973,0.47797186908875716,0.5974436250568287,0.35493755239086405,0.0015487490668316963,0.6426201011378002
ctt_test01,GaussianNB,2024,sample,3.208074916827286e-10,all positives + capped negative sampling,full official test folder,0.9775156496188733,0.3627528445006321,0.5291426068715928,0.6566691466789423,0.3619061429659416,9.36271476170295e-05,0.6372471554993678
ctt_test01,IsolationForest,2024,sample,-0.11838897137434079,all positives + capped negative sampling,full official test folder,0.011897187243582946,0.9999209860935525,0.023514594842880515,0.4381738572443668,0.010962568445856177,0.931875433335875,7.901390644753477e-05
ctt_test01,BIRCH,2024,sample,0.7852981090545654,all positives + capped negative sampling,full official test folder,0.01291211465210158,0.999968394437421,0.025495024223657417,0.6526652582945055,0.02230595036609563,0.8577862144664582,3.1605562579013905e-05
ctt_test02,GradientBoosting,2024,sample,0.08532433018125712,all positives + capped negative sampling,full official test folder,0.9349520657384159,0.9980142172300158,0.9654544543866215,0.998072130019116,0.9349986378737238,0.00181404416152775,0.0019857827699842233
ctt_test02,RandomForest,2024,sample,0.013905626092290598,all positives + capped negative sampling,full official test folder,0.401015216008611,0.9985380740343675,0.5722239578879023,0.9987425385554589,0.9757353780805643,0.03896606325840461,0.0014619259656325572
ctt_test02,MLP,2024,sample,0.019224150106310844,all positives + capped negative sampling,full official test folder,0.22199104927234703,0.9983005110649521,0.3632144729070699,0.9725911419178384,0.32814964336857677,0.09140656455142232,0.0016994889350478476
ctt_test02,LogisticRegression,2024,sample,0.2033115029335022,all positives + capped negative sampling,full official test folder,0.103658840122791,0.03805271461377743,0.055669423255150785,0.7127546205360182,0.06736503936287079,0.008596459120747961,0.9619472853862225
ctt_test02,GaussianNB,2024,sample,3.208074916827286e-10,all positives + capped negative sampling,full official test folder,0.281783055319951,0.03642632197701121,0.06451299699550674,0.5053296018913062,0.05901484843723942,0.0024256216431271134,0.9635736780229888
ctt_test02,IsolationForest,2024,sample,-0.11838897137434079,all positives + capped negative sampling,full official test folder,0.02678366181456466,1.0,0.05217001947076509,0.48480215332359583,0.027579895608662214,0.9493063855182017,0.0
ctt_test02,BIRCH,2024,sample,0.7852981090545654,all positives + capped negative sampling,full official test folder,0.02606400428342368,0.999865990119817,0.05080368366555333,0.4320100080513408,0.021946737256318734,0.9761083747762085,0.0001340098801829844
ctt_test03,GradientBoosting,2024,sample,0.08532433018125712,all positives + capped negative sampling,full official test folder,0.8003207698476343,0.47923169267707083,0.5994894128247484,0.7322008724905723,0.5265912570066635,0.00028904921382096364,0.5207683073229292
ctt_test03,RandomForest,2024,sample,0.013905626092290598,all positives + capped negative sampling,full official test folder,0.7887340646308924,0.6387515006002401,0.7058636243035289,0.819567335728933,0.6094466564988593,0.00041360736901369213,0.3612484993997599
ctt_test03,MLP,2024,sample,0.019224150106310844,all positives + capped negative sampling,full official test folder,0.06989126817573671,0.4941656662665066,0.12246233667325132,0.7067233511140933,0.2513613121211131,0.01589793892819623,0.5058343337334934
ctt_test03,LogisticRegression,2024,sample,0.2033115029335022,all positives + capped negative sampling,full official test folder,0.43333483328083516,0.4624249699879952,0.4474075450659729,0.6903549215559437,0.42795949071383765,0.0014618460841957408,0.5375750300120048
ctt_test03,GaussianNB,2024,sample,3.208074916827286e-10,all positives + capped negative sampling,full official test folder,0.9011253141046651,0.396062424969988,0.5502701981453065,0.7027415343062045,0.37775493678483385,0.00010505603956143456,0.603937575030012
ctt_test03,IsolationForest,2024,sample,-0.11838897137434079,all positives + capped negative sampling,full official test folder,0.0025869796599423,1.0,0.005160608929550936,0.6194529672953755,0.09974876937379365,0.9320505661998154,0.0
ctt_test03,BIRCH,2024,sample,0.7852981090545654,all positives + capped negative sampling,full official test folder,0.002703489008161522,0.9611524609843938,0.005391812155039921,0.914128534106792,0.37146976104805235,0.8571353945986104,0.038847539015606246
ctt_test04,GradientBoosting,2024,sample,0.08532433018125712,all positives + capped negative sampling,full official test folder,0.5099818511796733,0.11836562763268745,0.19213675213675213,0.6097719703975658,0.24743047349106112,0.00012266862411463732,0.8816343723673126
ctt_test04,RandomForest,2024,sample,0.013905626092290598,all positives + capped negative sampling,full official test folder,0.012775460002369989,0.4389918562201629,0.024828369380065038,0.7001155548376924,0.05233664227517283,0.036588643111615346,0.5610081437798371
ctt_test04,MLP,2024,sample,0.019224150106310844,all positives + capped negative sampling,full official test folder,0.002392890111680272,0.09281100814377984,0.004665492647084773,0.39388180922712607,0.001489604929924779,0.04173368323674946,0.9071889918562202
ctt_test04,LogisticRegression,2024,sample,0.2033115029335022,all positives + capped negative sampling,full official test folder,0.011076727041048512,0.08543948329121033,0.01961100278775964,0.3347217285920371,0.019418882336735662,0.00822735433081956,0.9145605167087897
ctt_test04,GaussianNB,2024,sample,3.208074916827286e-10,all positives + capped negative sampling,full official test folder,0.010555258253215478,0.04015725919685482,0.016716592386936506,0.5207041607315619,0.0016800576799417748,0.004060104294075764,0.9598427408031451
ctt_test04,IsolationForest,2024,sample,-0.11838897137434079,all positives + capped negative sampling,full official test folder,0.0010799578206869697,1.0,0.0021575855399962192,0.793932524413504,0.06742126972128848,0.9976412035124722,0.0
ctt_test04,BIRCH,2024,sample,0.7852981090545654,all positives + capped negative sampling,full official test folder,0.0011174083656890676,1.0,0.0022323223157476044,0.7689068306116249,0.30346252716281463,0.9641685706174874,0.0
ctt_test01,GradientBoosting,2026,sample,0.06970278419144114,all positives + capped negative sampling,full official test folder,0.887106238639779,0.9795037926675095,0.9310181673438427,0.9892464340947058,0.9108929246090145,0.0013987328416725923,0.020496207332490517
ctt_test01,RandomForest,2026,sample,0.016684015367186292,all positives + capped negative sampling,full official test folder,0.8255931425072708,0.4261694058154235,0.5621554015321278,0.7127847637235039,0.43021309183517886,0.0010102156438905627,0.5738305941845765
ctt_test01,MLP,2026,sample,0.03854431211948395,all positives + capped negative sampling,full official test folder,0.24875150961255998,0.3612989886219975,0.29464337493797965,0.602492547802963,0.35185049202006297,0.012243877440645177,0.6387010113780025
ctt_test01,LogisticRegression,2026,sample,0.45269468426704407,all positives + capped negative sampling,full official test folder,0.8454694719156898,0.34990518331226295,0.4949647363891404,0.6019721405391285,0.3560293900911114,0.0007176308075873454,0.650094816687737
ctt_test01,GaussianNB,2026,sample,4.494764005436025e-10,all positives + capped negative sampling,full official test folder,0.9773075613079019,0.3627528445006321,0.529112115065462,0.6566684396017234,0.36191923536067605,9.451376833309986e-05,0.6372471554993678
ctt_test01,IsolationForest,2026,sample,-0.11925826557612923,all positives + capped negative sampling,full official test folder,0.01193907400380509,0.999905183312263,0.023596402102471725,0.5238855397488779,0.01419274742178345,0.9285520242437568,9.481668773704172e-05
ctt_test01,BIRCH,2026,sample,1.0444309711456299,all positives + capped negative sampling,full official test folder,0.01674681953334626,0.9759481668773704,0.03292859951613226,0.7473350984596452,0.043236927303273394,0.6429750380803597,0.02405183312262958
ctt_test02,GradientBoosting,2026,sample,0.06970278419144114,all positives + capped negative sampling,full official test folder,0.9331844873642302,0.9980203085882059,0.9645140401483487,0.9980150903069177,0.9338119167670053,0.0018668788541873881,0.0019796914117940875
ctt_test02,RandomForest,2026,sample,0.016684015367186292,all positives + capped negative sampling,full official test folder,0.33680493501531406,0.9987329974964518,0.5037344041390285,0.9980301162187157,0.9135168693243598,0.05137823751740601,0.001267002503548216
ctt_test02,MLP,2026,sample,0.03854431211948395,all positives + capped negative sampling,full official test folder,0.023676789763962786,0.05329329280549684,0.03278713098550643,0.9169959557426366,0.1548034186524394,0.057413009747364234,0.9467067071945031
ctt_test02,LogisticRegression,2026,sample,0.45269468426704407,all positives + capped negative sampling,full official test folder,0.22430955224961088,0.03774814670427065,0.06462141672836481,0.7247122053695197,0.07001794585434876,0.0034103839267953053,0.9622518532957294
ctt_test02,GaussianNB,2026,sample,4.494764005436025e-10,all positives + capped negative sampling,full official test folder,0.2813323296951449,0.03642632197701121,0.06450116760056734,0.5051306123668076,0.05891802504347261,0.00243103242490551,0.9635736780229888
ctt_test02,IsolationForest,2026,sample,-0.11925826557612923,all positives + capped negative sampling,full official test folder,0.02675561137371396,1.0,0.05211680574682649,0.39924989752722717,0.023951415855604122,0.9503290232743187,0.0
ctt_test02,BIRCH,2026,sample,1.0444309711456299,all positives + capped negative sampling,full official test folder,0.027450633950443462,0.9993786814646062,0.053433570605983235,0.4342872673534515,0.02205762559968463,0.9250310722100656,0.0006213185353938367
ctt_test03,GradientBoosting,2026,sample,0.06970278419144114,all positives + capped negative sampling,full official test folder,0.8485467606933369,0.6182472989195679,0.715317517639869,0.7906154446334717,0.5910780533166119,0.00026676108167091343,0.3817527010804322
ctt_test03,RandomForest,2026,sample,0.016684015367186292,all positives + capped negative sampling,full official test folder,0.6234065870681202,0.5189915966386555,0.5664273360934963,0.759286810822629,0.49476938384834085,0.0007579125771233219,0.48100840336134454
ctt_test03,MLP,2026,sample,0.03854431211948395,all positives + capped negative sampling,full official test folder,0.08447178772486384,0.44240096038415366,0.1418574035152551,0.7077127913826524,0.21190014047405073,0.011591337810307101,0.5575990396158463
ctt_test03,LogisticRegression,2026,sample,0.45269468426704407,all positives + capped negative sampling,full official test folder,0.629748915472591,0.4600720288115246,0.5317017675296207,0.6898305540154526,0.428595743000971,0.0006539012937564209,0.5399279711884754
ctt_test03,GaussianNB,2026,sample,4.494764005436025e-10,all positives + capped negative sampling,full official test folder,0.9000654593061314,0.39615846338535415,0.5501650495148545,0.7027457518993064,0.3777010954558737,0.00010633296379919786,0.6038415366146459
ctt_test03,IsolationForest,2026,sample,-0.11925826557612923,all positives + capped negative sampling,full official test folder,0.0025952183429160136,1.0,0.005177001237259791,0.6076562470759072,0.04710418088899918,0.9290840390274481,0.0
ctt_test03,BIRCH,2026,sample,1.0444309711456299,all positives + capped negative sampling,full official test folder,0.0036847333853368986,0.9851140456182473,0.007342004641048803,0.9186238920802666,0.3486907383522236,0.6439241042666682,0.0148859543817527
ctt_test04,GradientBoosting,2026,sample,0.06970278419144114,all positives + capped negative sampling,full official test folder,0.7728695652173913,0.4679865206402696,0.5829725829725829,0.7226585195540685,0.36947973723246663,0.00014833816953121882,0.5320134793597304
ctt_test04,RandomForest,2026,sample,0.016684015367186292,all positives + capped negative sampling,full official test folder,0.03692732166062092,0.4209491715810166,0.0678983336824881,0.7062444400578541,0.1331237728792008,0.011841081131589283,0.5790508284189835
ctt_test04,MLP,2026,sample,0.03854431211948395,all positives + capped negative sampling,full official test folder,0.0021102946784978768,0.06992417860151642,0.004096944567846389,0.4341712858460023,0.0013667117325415967,0.0356629493277873,0.9300758213984835
ctt_test04,LogisticRegression,2026,sample,0.45269468426704407,all positives + capped negative sampling,full official test folder,0.014857957922263165,0.061429373771412527,0.023928351678402956,0.3360733185721196,0.01631641442151723,0.0043930511707622215,0.9385706262285874
ctt_test04,GaussianNB,2026,sample,4.494764005436025e-10,all positives + capped negative sampling,full official test folder,0.010538145507470661,0.04015725919685482,0.01669512426484538,0.5203573716274816,0.0016780159676933676,0.004066767774891868,0.9598427408031451
ctt_test04,IsolationForest,2026,sample,-0.11925826557612923,all positives + capped negative sampling,full official test folder,0.0010851321356351177,1.0,0.0021679118005082814,0.8039676128793627,0.07805266345002315,0.9928789349273995,0.0
ctt_test04,BIRCH,2026,sample,1.0444309711456299,all positives + capped negative sampling,full official test folder,0.0011789092692816624,0.9428531311429373,0.0023548740896342578,0.7816826020596956,0.30717794845038643,0.8615923099190985,0.057146868857062626
ctt_test01,GradientBoosting,7,sample,0.007766812246681532,all positives + capped negative sampling,full official test folder,0.8598156745894255,0.9804045512010113,0.9161590430833979,0.9897481766305907,0.9117100963025987,0.0017936337086103284,0.019595448798988623
ctt_test01,RandomForest,7,sample,0.02857142857142857,all positives + capped negative sampling,full official test folder,0.9437417406078913,0.9479772439949431,0.9458547507174166,0.9737006723716783,0.9173123484004219,0.000634111136133518,0.05202275600505689
ctt_test01,MLP,7,sample,0.015164339914917946,all positives + capped negative sampling,full official test folder,0.20939590016856072,0.36513906447534766,0.26615829426468385,0.6208282972235171,0.3565176808921402,0.015469758253995556,0.6348609355246524
ctt_test01,LogisticRegression,7,sample,0.44863054156303406,all positives + capped negative sampling,full official test folder,0.8680512179887571,0.3513906447534766,0.5002699784017278,0.6014067338636582,0.3584084467097828,0.0005993556040635601,0.6486093552465234
ctt_test01,GaussianNB,7,sample,2.412656741057617e-10,all positives + capped negative sampling,full official test folder,0.9774740248679953,0.3627528445006321,0.5291365082292194,0.6566692573860364,0.36193198938177396,9.380447176024357e-05,0.6372471554993678
ctt_test01,IsolationForest,7,sample,-0.11505556934901484,all positives + capped negative sampling,full official test folder,0.012108499165059785,0.9997787610619469,0.02392721159637344,0.4447053332471118,0.011158211975724577,0.9152867597381986,0.00022123893805309734
ctt_test01,BIRCH,7,sample,1.043218731880188,all positives + capped negative sampling,full official test folder,0.01743602623291305,0.9764064475347661,0.034260255287059324,0.7476411785543513,0.03570101030423755,0.6174166000223429,0.02359355246523388
ctt_test02,GradientBoosting,7,sample,0.007766812246681532,all positives + capped negative sampling,full official test folder,0.9316253894612359,0.9981177703192481,0.9637260293308946,0.9981682653031722,0.9364948365791563,0.0019138253431470061,0.0018822296807519173
ctt_test02,RandomForest,7,sample,0.02857142857142857,all positives + capped negative sampling,full official test folder,0.2732228597903747,0.9986172616908392,0.4290556013556838,0.9989373366778214,0.9805278918943082,0.069398527949075,0.0013827383091607936
ctt_test02,MLP,7,sample,0.015164339914917946,all positives + capped negative sampling,full official test folder,0.2827498481516969,0.932915872252036,0.4339709786831315,0.935832234977277,0.19373276686333282,0.06182693455341158,0.06708412774796396
ctt_test02,LogisticRegression,7,sample,0.44863054156303406,all positives + capped negative sampling,full official test folder,0.36985236985236986,0.03769332448055943,0.06841424449137083,0.7125989986745014,0.06828764758374209,0.0016778197732245873,0.9623066755194406
ctt_test02,GaussianNB,7,sample,2.412656741057617e-10,all positives + capped negative sampling,full official test folder,0.28162381086936045,0.03642632197701121,0.06450882141951768,0.5053815853622803,0.059025914059309174,0.0024275313308136067,0.9635736780229888
ctt_test02,IsolationForest,7,sample,-0.11505556934901484,all positives + capped negative sampling,full official test folder,0.02678038929091111,1.0,0.05216381140548564,0.22684254568999399,0.0195148319817599,0.949425581857967,0.0
ctt_test02,BIRCH,7,sample,1.043218731880188,all positives + capped negative sampling,full official test folder,0.027387655217742966,0.9995370567775497,0.05331447567405816,0.47756901888354847,0.023645284477007804,0.9273651879848817,0.00046294322245030975
ctt_test03,GradientBoosting,7,sample,0.007766812246681532,all positives + capped negative sampling,full official test folder,0.7190327356473104,0.6296758703481392,0.6713941938456812,0.7959460319363308,0.5969476747210563,0.0005948145267544648,0.37032412965186073
ctt_test03,RandomForest,7,sample,0.02857142857142857,all positives + capped negative sampling,full official test folder,0.7866797257590598,0.5785354141656662,0.6667404537908135,0.7928232657770083,0.5527978718871768,0.00037924649861569807,0.4214645858343337
ctt_test03,MLP,7,sample,0.015164339914917946,all positives + capped negative sampling,full official test folder,0.08667053028107795,0.5745018007202881,0.15061844962704182,0.7027241072070918,0.24448647349638397,0.014635409109113175,0.4254981992797119
ctt_test03,LogisticRegression,7,sample,0.44863054156303406,all positives + capped negative sampling,full official test folder,0.6810137335409883,0.46194477791116445,0.5504849646648164,0.6941817065893855,0.4324251101709128,0.0005230746013964908,0.5380552220888355
ctt_test03,GaussianNB,7,sample,2.412656741057617e-10,all positives + capped negative sampling,full official test folder,0.9008300567933596,0.396062424969988,0.5502151362529603,0.7027390135270425,0.37776028844573656,0.0001054042916262791,0.603937575030012
ctt_test03,IsolationForest,7,sample,-0.11505556934901484,all positives + capped negative sampling,full official test folder,0.002631826050010129,1.0,0.0052498354463343284,0.6535439717975193,0.06106030990528688,0.9161272048708855,0.0
ctt_test03,BIRCH,7,sample,1.043218731880188,all positives + capped negative sampling,full official test folder,0.003822420390198846,0.9896278511404561,0.0076154263284455145,0.9117435643398164,0.3327866631829849,0.6234873961773532,0.010372148859543818
ctt_test04,GradientBoosting,7,sample,0.007766812246681532,all positives + capped negative sampling,full official test folder,0.706816163410302,0.44699522606009545,0.5476518148976433,0.6985227914609079,0.33197929977586543,0.00019998014585602292,0.5530047739399045
ctt_test04,RandomForest,7,sample,0.02857142857142857,all positives + capped negative sampling,full official test folder,0.01599883347914844,0.38514462229710755,0.03072150169119459,0.6871778607026596,0.04813332423769624,0.025549451319145825,0.6148553777028924
ctt_test04,MLP,7,sample,0.015164339914917946,all positives + capped negative sampling,full official test folder,0.002295973815769204,0.07638303847233924,0.0044579475822395034,0.47669254763791546,0.0017747409946736279,0.035799929291381975,0.9236169615276608
ctt_test04,LogisticRegression,7,sample,0.44863054156303406,all positives + capped negative sampling,full official test folder,0.013286609006859528,0.06255265374894692,0.021917740824559676,0.3375287507692324,0.02234031560399177,0.005010407524099652,0.9374473462510531
ctt_test04,GaussianNB,7,sample,2.412656741057617e-10,all positives + capped negative sampling,full official test folder,0.010556816713729399,0.04015725919685482,0.016718546772472854,0.5207635660065587,0.0016803423128244903,0.0040594985230924824,0.9598427408031451
ctt_test04,IsolationForest,7,sample,-0.11505556934901484,all positives + capped negative sampling,full official test folder,0.0010724841089337215,0.9939623701207526,0.0021426562945030983,0.795086008309182,0.058172773898623784,0.9985354729265424,0.006037629879247402
ctt_test04,BIRCH,7,sample,1.043218731880188,all positives + capped negative sampling,full official test folder,0.001214699206273296,0.9504352709912945,0.0024262974947555378,0.8188338063942538,0.31643870188059003,0.8429006404589442,0.04956472900870542
ctt_test01,GradientBoosting,99,sample,0.07457959863904258,all positives + capped negative sampling,full official test folder,0.8875019682503328,0.9797724399494311,0.9313574534884594,0.990760780150873,0.9123647287912525,0.001393590441519384,0.020227560050568902
ctt_test01,RandomForest,99,sample,0.021076671874780066,all positives + capped negative sampling,full official test folder,0.8275416246215943,0.41471238938053095,0.5525307394306889,0.7070138565159927,0.41279919618381056,0.0009697857392377545,0.585287610619469
ctt_test01,MLP,99,sample,0.2564561665058136,all positives + capped negative sampling,full official test folder,0.780784192226927,0.3584228824273072,0.49130825634416053,0.6240920302094812,0.36831629963302215,0.0011292001439872042,0.6415771175726928
ctt_test01,LogisticRegression,99,sample,0.42805546522140503,all positives + capped negative sampling,full official test folder,0.8630718318084485,0.35031605562579016,0.4983532849997191,0.6036889477598568,0.3559304993491053,0.0006236490116838878,0.6496839443742098
ctt_test01,GaussianNB,99,sample,2.4817331523152575e-10,all positives + capped negative sampling,full official test folder,0.9773491718823178,0.3627528445006321,0.5291182131455507,0.6566690659457368,0.36192155195404235,9.433644418988579e-05,0.6372471554993678
ctt_test01,IsolationForest,99,sample,-0.1051442075553608,all positives + capped negative sampling,full official test folder,0.012645376333678756,0.9992888748419722,0.02497471327559943,0.4688764767758087,0.010964088606476945,0.8755214659741568,0.0007111251580278129
ctt_test01,BIRCH,99,sample,0.9587658643722534,all positives + capped negative sampling,full official test folder,0.014719379868777038,0.9691213653603035,0.028998322309500797,0.6878322547256991,0.02477876152029088,0.7279187997283394,0.030878634639696586
ctt_test02,GradientBoosting,99,sample,0.07457959863904258,all positives + capped negative sampling,full official test folder,0.9335312316606936,0.9980385826627763,0.9647077526363202,0.9990331637374568,0.9893903841668268,0.001856534712552218,0.001961417337223681
ctt_test02,RandomForest,99,sample,0.021076671874780066,all positives + capped negative sampling,full official test folder,0.3026369715072681,0.9985746221835082,0.4644987809007309,0.9579134654860137,0.3493655389971958,0.06011521782375174,0.0014253778164917432
ctt_test02,MLP,99,sample,0.2564561665058136,all positives + capped negative sampling,full official test folder,0.0886441234874784,0.037796877569791734,0.052996592161116476,0.9621368254903635,0.28197240957034536,0.010152218022677541,0.9622031224302082
ctt_test02,LogisticRegression,99,sample,0.42805546522140503,all positives + capped negative sampling,full official test folder,0.22970767176138893,0.037717689913319974,0.06479596908796954,0.7228203248040388,0.06924959873484646,0.0033043962601949474,0.9622823100866801
ctt_test02,GaussianNB,99,sample,2.4817331523152575e-10,all positives + capped negative sampling,full official test folder,0.2813852813852814,0.03642632197701121,0.06450255906891958,0.5052633617097848,0.05900495871888704,0.0024303958623433457,0.9635736780229888
ctt_test02,IsolationForest,99,sample,-0.1051442075553608,all positives + capped negative sampling,full official test folder,0.02726631612410522,0.9999817259254296,0.05308516880306953,0.35638711719692817,0.02277566376206207,0.9320227571115973,1.8274074570406963e-05
ctt_test02,BIRCH,99,sample,0.9587658643722534,all positives + capped negative sampling,full official test folder,0.027150426347469465,0.9995187827029793,0.0528648582298256,0.5079492061355344,0.02499374493179497,0.9356791724686692,0.0004812172970207167
ctt_test03,GradientBoosting,99,sample,0.07457959863904258,all positives + capped negative sampling,full official test folder,0.8081839553335293,0.5282593037214885,0.6389058280338008,0.7031790444789726,0.4863721905751812,0.00030309538043635985,0.4717406962785114
ctt_test03,RandomForest,99,sample,0.021076671874780066,all positives + capped negative sampling,full official test folder,0.6976515430960285,0.544921968787515,0.6119004610282818,0.807894012325545,0.5653678722892546,0.0005709012183018068,0.45507803121248497
ctt_test03,MLP,99,sample,0.2564561665058136,all positives + capped negative sampling,full official test folder,0.5203708716838116,0.3692196878751501,0.4319541585910508,0.7240150758332806,0.3892848050475312,0.0008226874611844052,0.63078031212485
ctt_test03,LogisticRegression,99,sample,0.42805546522140503,all positives + capped negative sampling,full official test folder,0.6647318960751797,0.46194477791116445,0.5450888177465508,0.6945152181379375,0.43115897154470206,0.0005632396728752271,0.5380552220888355
ctt_test03,GaussianNB,99,sample,2.4817331523152575e-10,all positives + capped negative sampling,full official test folder,0.9001527717154081,0.39611044417767105,0.5501350495181566,0.7027401453978152,0.37769253352919696,0.00010621687977758302,0.603889555822329
ctt_test03,IsolationForest,99,sample,-0.1051442075553608,all positives + capped negative sampling,full official test folder,0.002751186643276186,1.0,0.005487276764011265,0.6564256074662567,0.06659169234564466,0.8762760245865958,0.0
ctt_test03,BIRCH,99,sample,0.9587658643722534,all positives + capped negative sampling,full official test folder,0.003185647911433208,0.9633613445378151,0.006350296631528802,0.9020804866459583,0.2945877780752609,0.728724178560442,0.03663865546218487
ctt_test04,GradientBoosting,99,sample,0.07457959863904258,all positives + capped negative sampling,full official test folder,0.5971447691278162,0.18793878124122437,0.2858973674373899,0.45078929736866297,0.12030927165982512,0.00013675279947594752,0.8120612187587756
ctt_test04,RandomForest,99,sample,0.021076671874780066,all positives + capped negative sampling,full official test folder,0.02409494194505463,0.2964757090704858,0.044567804167612086,0.6924509006799172,0.04682146377126341,0.012951535065318391,0.7035242909295142
ctt_test04,MLP,99,sample,0.2564561665058136,all positives + capped negative sampling,full official test folder,0.006213950394230551,0.05770850884582982,0.011219775195015253,0.4982651720683076,0.002109378937874022,0.009954407404156998,0.9422914911541702
ctt_test04,LogisticRegression,99,sample,0.42805546522140503,all positives + capped negative sampling,full official test folder,0.012558159268006392,0.062342038753159225,0.020905185097993058,0.3392642605786923,0.020068002592799592,0.005287093420713779,0.9376579612468408
ctt_test04,GaussianNB,99,sample,2.4817331523152575e-10,all positives + capped negative sampling,full official test folder,0.010542807114551654,0.04015725919685482,0.016700973736842876,0.5205929957809247,0.0016807104350993391,0.004064950461942021,0.9598427408031451
ctt_test04,IsolationForest,99,sample,-0.1051442075553608,all positives + capped negative sampling,full official test folder,0.0011294532171240003,0.9837124403257512,0.0022563158365530088,0.7727890131043986,0.0656129523588451,0.938338571611709,0.016287559674248806
ctt_test04,BIRCH,99,sample,0.9587658643722534,all positives + capped negative sampling,full official test folder,0.0011298752444325623,0.9533136759337265,0.0022570753844728206,0.7856794245979382,0.306722026546847,0.909001915826456,0.046686324066273516
